<?xml version="1.0" encoding="UTF-8"?>
<project-private xmlns="http://www.netbeans.org/ns/project-private/1">
    <editor-bookmarks xmlns="http://www.netbeans.org/ns/editor-bookmarks/2" lastBookmarkId="0"/>
    <open-files xmlns="http://www.netbeans.org/ns/projectui-open-files/2">
        <group>
            <file>file:/media/jplr/Windows8_OS/_____Docs/DIY/Wi-Fi%20Simulator/WLAN_simul_9c/src/IEEE11ac/layer2/acBackoffEntity.java</file>
            <file>file:/media/jplr/Windows8_OS/_____Docs/DIY/Wi-Fi%20Simulator/WLAN_simul_9c/src/zzInfra/emulator/JE802Control.java</file>
            <file>file:/media/jplr/Windows8_OS/_____Docs/DIY/Wi-Fi%20Simulator/WLAN_simul_9c/src/IEEE11ac/station/acStation.java</file>
            <file>file:/media/jplr/Windows8_OS/_____Docs/DIY/Wi-Fi%20Simulator/WLAN_simul_9c/src/IEEE11ax/station/axStation.java</file>
            <file>file:/media/jplr/Windows8_OS/_____Docs/DIY/Wi-Fi%20Simulator/WLAN_simul_9c/src/IEEE11ac/layer2/acMlme.java</file>
            <file>file:/media/jplr/Windows8_OS/_____Docs/DIY/Wi-Fi%20Simulator/WLAN_simul_9c/src/IEEE11ac/layer2/acMacAlgorithm.java</file>
            <file>file:/media/jplr/Windows8_OS/_____Docs/DIY/Wi-Fi%20Simulator/WLAN_simul_9c/src/zzInfra/layer2/JE802MacAlgorithm.java</file>
            <file>file:/media/jplr/Windows8_OS/_____Docs/DIY/Wi-Fi%20Simulator/WLAN_simul_9c/src/IEEE11ac/layer2/acMac.java</file>
            <file>file:/media/jplr/Windows8_OS/_____Docs/DIY/Wi-Fi%20Simulator/WLAN_simul_9c/src/IEEE11ax/layer2/axMac.java</file>
        </group>
    </open-files>
</project-private>
